time,cpu usage
0.0,6.2
0.601,0.0
1.202,6.2
1.803,3.1
2.403,0.0
3.004,0.0
3.605,3.1
4.205,0.0
4.806,3.1
5.406,0.0
6.008,0.0
6.609,3.1
7.21,0.0
7.81,3.1
8.411,0.0
9.012,0.0
9.613,3.1
10.214,0.0
10.815,0.0
11.416,0.0
12.017,0.0
12.618,0.0
13.218,3.1
13.821,3.1
14.423,0.0
15.024,3.1
15.625,0.0
16.225,0.0
16.826,0.0
17.427,0.0
18.028,0.0
18.629,0.0
19.23,0.0
19.831,3.1
20.431,0.0
21.032,3.1
21.633,0.0
22.234,0.0
22.835,0.0
23.437,3.1
24.038,0.0
24.642,0.0
25.244,0.0
25.845,3.1
26.445,0.0
27.046,0.0
27.647,0.0
28.248,0.0
28.849,0.0
29.45,0.0
30.05,0.0
30.651,3.1
31.252,0.0
31.853,0.0
32.454,3.1
33.055,3.1
33.655,0.0
34.256,3.1
34.857,0.0
35.459,0.0
36.06,0.0
36.66,0.0
37.261,3.1
37.862,0.0
38.462,0.0
39.063,3.1
39.664,3.1
40.265,3.1
40.866,0.0
41.466,3.1
42.067,3.1
42.668,0.0
43.268,0.0
43.87,0.0
44.472,3.1
45.073,3.1
45.673,0.0
46.275,0.0
46.876,0.0
47.476,0.0
48.078,0.0
48.679,0.0
49.28,3.1
49.88,0.0
50.482,0.0
51.083,0.0
51.684,3.1
52.285,0.0
52.886,0.0
53.486,3.1
54.087,0.0
54.687,0.0
55.289,0.0
55.891,0.0
56.493,0.0
57.093,3.1
57.694,0.0
58.295,0.0
58.897,0.0
59.498,0.0
60.102,0.0
60.705,3.1
61.306,0.0
61.907,0.0
62.512,0.0
63.114,0.0
63.715,0.0
64.316,0.0
64.917,0.0
65.519,0.0
66.12,0.0
66.721,0.0
67.321,0.0
67.922,0.0
68.524,0.0
69.124,0.0
69.726,0.0
70.327,3.1
70.928,0.0
71.531,0.0
72.132,0.0
72.732,3.1
73.333,0.0
73.934,0.0
74.535,0.0
75.136,3.1
75.736,0.0
76.337,0.0
76.938,0.0
77.539,0.0
78.141,0.0
78.741,0.0
79.344,3.1
79.944,0.0
80.546,0.0
81.146,3.0
81.748,0.0
82.349,0.0
82.95,0.0
83.551,0.0
84.152,0.0
84.753,3.1
85.354,0.0
85.954,3.1
86.555,6.2
87.155,3.1
87.758,6.2
88.358,0.0
88.959,0.0
89.56,0.0
90.16,0.0
90.761,0.0
91.362,0.0
91.963,0.0
92.564,3.1
93.164,0.0
93.766,3.1
94.367,0.0
94.968,0.0
95.571,0.0
96.175,0.0
96.777,0.0
97.378,0.0
97.979,0.0
98.581,0.0
99.182,0.0
99.783,0.0
100.384,0.0
100.984,0.0
101.586,0.0
102.187,0.0
102.788,0.0
103.388,0.0
103.989,0.0
104.589,0.0
105.192,0.0
105.793,3.1
106.394,0.0
106.994,0.0
107.595,0.0
108.202,0.0
108.802,0.0
109.403,3.1
110.004,0.0
110.605,0.0
111.205,0.0
111.806,0.0
112.407,6.2
113.007,9.4
113.608,0.0
114.209,6.2
114.81,3.1
115.411,3.1
116.011,0.0
116.612,0.0
117.212,0.0
117.813,0.0
118.414,0.0
119.015,0.0
119.616,0.0
120.217,0.0
120.818,0.0
121.418,0.0
122.019,0.0
122.62,0.0
123.221,0.0
123.822,3.1
124.423,0.0
125.029,0.0
125.629,0.0
126.23,3.1
126.831,0.0
127.432,0.0
128.033,3.1
128.634,0.0
129.235,0.0
129.835,3.1
130.436,0.0
131.037,0.0
131.637,0.0
132.238,0.0
132.839,0.0
133.44,0.0
134.04,6.2
134.641,3.1
135.243,0.0
135.844,0.0
136.444,0.0
137.045,3.1
137.646,0.0
138.247,0.0
138.847,3.1
139.448,0.0
140.049,0.0
140.65,3.1
141.251,3.1
141.852,0.0
142.452,3.1
143.053,3.1
143.656,0.0
144.256,0.0
144.859,0.0
145.461,0.0
146.062,0.0
146.663,0.0
147.264,0.0
147.865,0.0
148.466,0.0
149.067,0.0
149.668,3.1
150.269,0.0
150.869,0.0
151.47,0.0
152.071,0.0
152.671,0.0
153.272,0.0
153.873,3.1
154.474,0.0
155.075,0.0
155.676,0.0
156.29,0.0
156.891,3.1
157.492,0.0
158.092,0.0
158.696,0.0
159.296,6.2
159.896,0.0
160.497,3.1
161.098,0.0
161.699,0.0
162.3,0.0
162.9,0.0
163.501,0.0
164.102,0.0
164.704,0.0
165.307,0.0
165.908,0.0
166.508,0.0
167.11,0.0
167.711,0.0
168.312,3.1
168.913,0.0
169.515,0.0
170.116,0.0
170.717,0.0
171.317,0.0
171.918,0.0
172.519,0.0
173.12,0.0
173.721,0.0
174.322,0.0
174.922,3.1
175.523,0.0
176.124,3.1
176.725,0.0
177.326,3.1
177.927,3.1
178.529,3.1
179.13,0.0
179.731,0.0
180.332,3.1
180.932,0.0
181.534,0.0
182.135,3.1
182.737,0.0
183.337,0.0
183.938,0.0
184.546,3.1
185.148,0.0
185.749,0.0
186.35,0.0
186.952,3.1
187.553,0.0
188.153,3.1
188.755,0.0
189.356,0.0
189.957,0.0
190.557,0.0
191.159,0.0
191.76,0.0
192.36,0.0
192.962,0.0
193.563,0.0
194.164,0.0
194.766,0.0
195.369,0.0
195.97,0.0
196.571,0.0
197.177,3.1
197.777,0.0
198.378,0.0
198.982,0.0
199.582,0.0
200.183,0.0
200.784,0.0
201.385,3.1
201.986,3.1
202.587,0.0
203.187,0.0
203.788,0.0
204.389,0.0
204.99,0.0
205.591,0.0
206.192,0.0
206.793,0.0
207.394,3.1
207.995,0.0
208.596,0.0
209.198,0.0
209.799,0.0
210.399,0.0
210.999,0.0
211.6,0.0
212.202,0.0
212.803,3.1
213.404,0.0
214.004,3.1
214.606,3.1
215.206,0.0
215.807,18.8
216.408,0.0
217.009,3.1
217.61,6.2
218.211,6.2
218.812,0.0
219.414,12.5
220.015,0.0
220.616,0.0
221.216,0.0
221.817,0.0
222.418,0.0
223.018,0.0
223.62,0.0
224.221,0.0
224.822,3.1
225.422,3.1
226.023,0.0
226.624,6.2
227.225,3.1
227.825,0.0
228.426,0.0
229.027,3.1
229.628,0.0
230.229,0.0
230.829,0.0
231.43,3.1
232.032,0.0
232.633,0.0
233.233,0.0
233.834,0.0
234.435,0.0
235.036,3.1
235.637,0.0
236.24,0.0
236.841,0.0
237.441,3.1
238.042,0.0
238.643,0.0
239.244,3.1
239.845,0.0
240.446,0.0
241.048,3.1
241.649,0.0
242.249,3.1
242.85,3.1
243.451,3.1
244.052,0.0
244.653,0.0
245.254,3.1
245.855,0.0
246.456,0.0
247.057,0.0
247.657,0.0
248.258,0.0
248.859,0.0
249.46,3.1
250.06,3.1
250.661,0.0
251.262,3.1
251.862,3.1
252.463,0.0
253.064,0.0
253.665,0.0
254.266,6.2
254.866,0.0
255.467,0.0
256.068,0.0
256.67,0.0
257.27,0.0
257.871,0.0
258.472,0.0
259.073,3.1
259.673,0.0
260.274,0.0
260.875,0.0
261.475,0.0
262.076,0.0
262.677,3.1
263.278,6.2
263.879,0.0
264.48,6.2
265.081,0.0
265.682,0.0
266.283,0.0
266.885,0.0
267.486,3.1
268.089,0.0
268.689,0.0
269.29,0.0
269.891,0.0
270.491,0.0
271.092,0.0
271.693,0.0
272.294,0.0
272.895,0.0
273.495,0.0
274.096,0.0
274.698,0.0
275.3,0.0
275.901,0.0
276.502,3.1
277.103,0.0
277.703,0.0
278.304,3.1
278.905,0.0
279.507,0.0
280.107,0.0
280.708,0.0
281.309,0.0
281.91,0.0
282.511,0.0
283.113,0.0
283.714,0.0
284.314,0.0
284.915,0.0
285.516,3.1
286.117,0.0
286.724,0.0
287.325,3.1
287.926,0.0
288.526,0.0
289.127,3.1
289.729,0.0
290.331,0.0
290.931,0.0
291.539,0.0
292.14,0.0
292.741,9.4
293.342,0.0
293.943,0.0
294.544,0.0
295.145,3.1
295.746,3.1
296.346,0.0
296.948,0.0
297.549,0.0
298.15,0.0
298.752,3.1
299.352,3.1
299.953,0.0
300.554,0.0
301.154,3.1
301.755,0.0
302.356,0.0
302.956,0.0
303.558,3.1
304.159,0.0
304.759,0.0
305.361,0.0
305.961,0.0
306.562,0.0
307.163,0.0
307.765,0.0
308.366,0.0
308.967,3.1
309.569,3.1
310.17,0.0
310.771,0.0
311.373,0.0
311.976,0.0
312.577,0.0
313.178,0.0
313.779,0.0
314.38,0.0
314.98,0.0
315.581,0.0
316.183,0.0
316.783,0.0
317.386,0.0
317.987,0.0
318.588,0.0
319.191,0.0
319.794,0.0
320.395,0.0
320.995,0.0
321.596,0.0
322.197,0.0
322.798,0.0
323.399,0.0
324.0,0.0
324.601,0.0
325.202,3.1
325.804,3.1
326.405,0.0
327.006,3.1
327.607,0.0
328.208,0.0
328.809,3.1
329.409,0.0
330.01,0.0
330.611,0.0
331.211,3.1
331.812,0.0
332.413,0.0
333.013,3.1
333.617,0.0
334.217,0.0
334.818,3.0
335.419,0.0
336.021,0.0
336.621,0.0
337.222,0.0
337.823,3.1
338.424,0.0
339.025,0.0
339.626,0.0
340.226,3.1
340.827,0.0
341.428,3.1
342.029,3.1
342.63,0.0
343.23,0.0
343.831,3.1
344.432,6.2
345.033,0.0
345.634,0.0
346.234,0.0
346.835,3.1
347.436,3.1
348.039,0.0
348.64,0.0
349.241,0.0
349.841,0.0
350.442,3.1
351.043,0.0
351.644,0.0
352.245,0.0
352.846,0.0
353.447,0.0
354.049,0.0
354.65,0.0
355.251,0.0
355.852,0.0
356.453,0.0
357.053,0.0
357.654,0.0
358.254,0.0
358.855,0.0
359.457,0.0
360.058,3.1
360.658,0.0
361.259,3.1
361.86,0.0
362.461,0.0
363.061,3.1
363.662,0.0
364.263,0.0
364.864,0.0
365.465,0.0
366.065,0.0
366.666,0.0
367.267,3.1
367.868,0.0
368.468,0.0
369.069,0.0
369.669,0.0
370.27,0.0
370.87,0.0
371.471,0.0
372.072,3.1
372.673,0.0
373.274,3.1
373.874,0.0
374.475,0.0
375.076,3.1
375.676,0.0
376.277,0.0
376.879,0.0
377.48,0.0
378.081,0.0
378.682,0.0
379.283,3.1
379.884,0.0
380.484,0.0
381.085,0.0
381.686,3.1
382.286,3.1
382.887,0.0
383.489,0.0
384.09,3.1
384.691,0.0
385.291,0.0
385.892,0.0
386.494,0.0
387.094,0.0
387.695,0.0
388.296,0.0
388.903,0.0
389.503,0.0
390.105,0.0
390.707,0.0
391.309,0.0
391.91,0.0
392.512,0.0
393.116,0.0
393.717,0.0
394.317,0.0
394.918,3.1
395.519,0.0
396.119,0.0
396.721,3.1
397.322,0.0
397.924,0.0
398.525,6.2
399.125,0.0
399.727,0.0
400.327,0.0
400.928,0.0
401.529,0.0
402.13,0.0
402.731,0.0
403.332,0.0
403.933,0.0
404.533,0.0
405.134,0.0
405.735,0.0
406.335,0.0
406.936,3.1
407.537,3.0
408.138,0.0
408.739,0.0
409.342,0.0
409.942,0.0
410.543,0.0
411.144,0.0
411.745,0.0
412.347,0.0
412.948,0.0
413.548,0.0
414.149,0.0
414.75,0.0
415.351,3.1
415.951,0.0
416.555,0.0
417.161,0.0
417.762,3.1
418.363,3.1
418.964,0.0
419.565,0.0
420.166,0.0
420.767,0.0
421.367,0.0
421.968,0.0
422.569,3.1
423.169,0.0
423.77,0.0
424.37,0.0
424.971,0.0
425.572,0.0
426.18,0.0
426.781,0.0
427.382,0.0
427.983,0.0
428.583,0.0
429.185,0.0
429.785,0.0
430.386,0.0
430.987,6.2
431.587,0.0
432.188,0.0
432.789,0.0
433.39,3.1
433.991,0.0
434.593,0.0
435.193,0.0
435.794,9.4
436.395,0.0
436.995,0.0
437.596,0.0
438.197,6.2
438.797,0.0
439.398,15.6
439.999,0.0
440.6,0.0
441.201,0.0
441.802,0.0
442.403,0.0
443.005,0.0
443.606,0.0
444.207,0.0
444.808,3.1
445.409,0.0
446.011,0.0
446.612,0.0
447.212,0.0
447.813,0.0
448.414,0.0
449.015,0.0
449.618,6.2
450.219,0.0
450.82,3.1
451.421,3.1
452.022,3.1
452.623,0.0
453.224,0.0
453.826,6.2
454.428,0.0
455.028,0.0
455.629,6.2
456.23,0.0
456.832,0.0
457.434,0.0
458.034,3.1
458.635,0.0
459.236,3.1
459.837,0.0
460.438,0.0
461.039,0.0
461.64,0.0
462.241,0.0
462.842,3.1
463.445,0.0
464.046,0.0
464.647,0.0
465.248,0.0
465.849,0.0
466.45,0.0
467.051,0.0
467.652,3.1
468.253,0.0
468.855,0.0
469.456,0.0
470.057,0.0
470.658,3.1
471.258,0.0
471.859,0.0
472.462,3.1
473.063,0.0
473.664,6.2
474.265,0.0
474.866,0.0
475.47,0.0
476.071,3.1
476.672,0.0
477.273,0.0
477.874,3.1
478.474,0.0
479.075,3.1
479.676,0.0
480.277,0.0
480.878,0.0
481.479,0.0
482.081,0.0
482.682,0.0
483.282,3.1
483.883,0.0
484.484,0.0
485.085,3.1
485.686,0.0
486.287,0.0
486.888,3.1
487.488,0.0
488.089,3.1
488.69,0.0
489.291,0.0
489.892,0.0
490.492,0.0
491.093,0.0
491.694,0.0
492.294,0.0
492.895,0.0
493.496,0.0
494.097,0.0
494.697,0.0
495.298,0.0
495.899,0.0
496.499,0.0
497.106,3.1
497.707,0.0
498.307,0.0
498.908,0.0
499.509,3.1
500.109,0.0
500.71,0.0
501.312,0.0
501.914,0.0
502.515,0.0
503.117,0.0
503.717,0.0
504.318,0.0
504.919,0.0
505.52,0.0
506.121,0.0
506.722,0.0
507.323,3.1
507.923,0.0
508.524,3.1
509.125,3.1
509.725,0.0
510.327,0.0
510.928,0.0
511.529,0.0
512.131,0.0
512.731,0.0
513.332,0.0
513.934,0.0
514.535,0.0
515.136,0.0
515.736,0.0
516.337,0.0
516.938,3.1
517.538,3.1
518.139,0.0
518.74,0.0
519.341,0.0
519.942,3.1
520.542,0.0
521.143,0.0
521.744,0.0
522.345,0.0
522.945,0.0
523.546,0.0
524.147,0.0
524.748,0.0
525.349,0.0
525.95,0.0
526.552,0.0
527.153,0.0
527.754,0.0
528.355,0.0
528.955,0.0
529.556,0.0
530.156,0.0
530.757,0.0
531.358,0.0
531.959,0.0
532.56,0.0
533.161,0.0
533.761,0.0
534.362,0.0
534.962,3.1
535.563,0.0
536.165,0.0
536.767,0.0
537.368,0.0
537.969,3.1
538.57,0.0
539.171,0.0
539.772,3.1
540.373,0.0
540.974,0.0
541.574,0.0
542.175,0.0
542.776,0.0
543.377,3.1
543.977,0.0
544.578,0.0
545.178,3.1
545.779,0.0
546.38,0.0
546.982,0.0
547.582,0.0
548.183,0.0
548.784,0.0
549.385,0.0
549.986,0.0
550.587,0.0
551.188,0.0
551.789,3.1
552.393,3.1
552.995,0.0
553.595,0.0
554.196,0.0
554.798,0.0
555.399,0.0
556.0,0.0
556.601,0.0
557.203,0.0
557.804,0.0
558.405,0.0
559.006,0.0
559.607,3.1
560.207,0.0
560.808,3.1
561.409,0.0
562.01,3.1
562.611,0.0
563.212,0.0
563.813,0.0
564.414,3.1
565.015,0.0
565.617,0.0
566.222,0.0
566.824,0.0
567.424,0.0
568.025,0.0
568.626,3.1
569.227,0.0
569.828,0.0
570.428,0.0
571.029,0.0
571.63,0.0
572.233,0.0
572.834,0.0
573.44,0.0
574.041,0.0
574.642,0.0
575.244,0.0
575.846,3.1
576.448,3.1
577.049,0.0
577.651,3.1
578.252,6.2
578.855,0.0
579.456,0.0
580.056,0.0
580.657,0.0
581.258,0.0
581.859,3.1
582.46,0.0
583.061,0.0
583.661,0.0
584.262,0.0
584.863,0.0
585.466,0.0
586.069,0.0
586.669,6.2
587.27,6.2
587.872,3.1
588.473,0.0
589.074,0.0
589.675,0.0
590.276,0.0
590.882,0.0
591.482,0.0
592.084,0.0
592.685,0.0
593.285,0.0
593.886,0.0
594.487,0.0
595.088,0.0
595.688,0.0
596.289,3.1
596.889,0.0
597.49,0.0
598.091,0.0
598.692,3.1
599.292,0.0
599.893,0.0
600.494,3.1
601.094,0.0
601.695,0.0
602.296,0.0
602.897,0.0
603.498,3.1
604.098,0.0
604.699,0.0
605.3,0.0
605.9,0.0
606.501,3.1
607.102,0.0
607.703,0.0
608.303,3.1
608.904,0.0
609.504,0.0
610.105,0.0
610.706,0.0
611.307,0.0
611.908,3.1
612.508,0.0
613.109,0.0
613.709,3.1
614.31,0.0
614.911,0.0
615.511,3.1
616.112,0.0
616.713,0.0
617.314,0.0
617.914,0.0
618.515,0.0
619.116,0.0
619.717,0.0
620.319,0.0
620.919,3.1
621.521,0.0
622.123,0.0
622.725,0.0
623.326,0.0
623.928,0.0
624.529,0.0
625.13,0.0
625.731,3.1
626.332,3.1
626.932,0.0
627.533,0.0
628.133,3.1
628.734,0.0
629.336,0.0
629.937,0.0
630.54,0.0
631.141,3.1
631.742,0.0
632.343,3.1
632.944,0.0
633.546,0.0
634.146,0.0
634.748,3.1
635.348,3.1
635.949,0.0
636.55,0.0
637.15,0.0
637.751,0.0
638.352,3.1
638.954,0.0
639.555,0.0
640.156,0.0
640.759,0.0
641.36,0.0
641.96,0.0
642.561,0.0
643.162,0.0
643.763,0.0
644.364,0.0
644.964,3.1
645.565,3.1
646.166,3.1
646.767,3.1
647.368,0.0
647.968,3.1
648.57,0.0
649.171,0.0
649.771,3.1
650.371,0.0
650.972,3.1
651.573,0.0
652.174,0.0
652.775,0.0
653.375,0.0
653.977,3.1
654.578,0.0
655.178,0.0
655.779,12.5
656.38,0.0
656.981,6.2
657.582,0.0
658.183,0.0
658.784,3.1
659.384,9.4
659.985,0.0
660.587,0.0
661.188,0.0
661.79,0.0
662.391,0.0
662.991,0.0
663.592,0.0
664.193,0.0
664.793,3.1
665.394,0.0
665.995,0.0
666.596,3.1
667.197,6.2
667.797,0.0
668.398,0.0
668.999,3.1
669.6,0.0
670.2,0.0
670.807,0.0
671.408,0.0
672.01,3.1
672.611,3.1
673.211,0.0
673.812,3.1
674.413,0.0
675.015,0.0
675.616,3.1
676.217,3.1
676.817,0.0
677.418,0.0
678.019,0.0
678.622,0.0
679.224,0.0
679.824,3.1
680.425,0.0
681.026,0.0
681.627,0.0
682.227,0.0
682.828,0.0
683.435,0.0
684.037,0.0
684.638,0.0
685.239,0.0
685.84,0.0
686.441,3.1
687.041,0.0
687.643,0.0
688.243,0.0
688.845,0.0
689.45,0.0
690.052,0.0
690.653,0.0
691.254,0.0
691.854,0.0
692.456,0.0
693.056,0.0
693.659,0.0
694.26,0.0
694.861,0.0
695.463,0.0
696.063,0.0
696.664,0.0
697.265,0.0
697.866,0.0
698.467,0.0
699.068,0.0
699.669,0.0
700.27,0.0
700.87,0.0
701.471,0.0
702.072,0.0
702.674,0.0
703.275,0.0
703.875,3.1
704.476,0.0
705.077,0.0
705.678,0.0
706.279,0.0
706.88,0.0
707.481,0.0
708.082,0.0
708.683,0.0
709.284,0.0
709.886,0.0
710.487,0.0
711.087,0.0
711.688,0.0
712.289,0.0
712.89,0.0
713.491,0.0
714.092,0.0
714.695,0.0
715.297,0.0
715.898,0.0
716.498,0.0
717.099,6.1
717.7,0.0
718.301,3.1
718.902,0.0
719.502,0.0
720.103,0.0
720.703,0.0
721.304,0.0
721.905,0.0
722.505,0.0
723.106,0.0
723.707,3.1
724.309,0.0
724.91,0.0
725.51,0.0
726.121,0.0
726.722,0.0
727.323,0.0
727.923,3.1
728.524,0.0
729.124,0.0
729.725,3.1
730.326,0.0
730.928,0.0
731.529,0.0
732.13,0.0
732.731,0.0
733.332,0.0
733.932,3.1
734.533,0.0
735.133,0.0
735.734,0.0
736.335,0.0
736.936,3.1
737.537,0.0
738.137,0.0
738.738,0.0
739.339,0.0
739.942,0.0
740.543,0.0
741.144,0.0
741.744,0.0
742.345,6.2
742.946,0.0
743.547,0.0
744.148,0.0
744.749,0.0
745.35,0.0
745.951,0.0
746.551,0.0
747.153,0.0
747.753,0.0
748.354,3.1
748.955,0.0
749.556,0.0
750.157,0.0
750.757,0.0
751.359,0.0
751.962,3.1
752.563,0.0
753.164,3.1
753.765,0.0
754.365,0.0
754.966,0.0
755.567,0.0
756.167,0.0
756.768,0.0
757.369,0.0
757.969,0.0
758.57,0.0
759.171,0.0
759.772,0.0
760.373,0.0
760.974,3.1
761.574,3.1
762.175,6.2
762.776,3.1
763.378,3.1
763.978,3.1
764.579,3.1
765.179,0.0
765.78,3.1
766.381,0.0
766.981,0.0
767.583,0.0
768.184,3.1
768.784,3.1
769.385,0.0
769.986,0.0
770.587,0.0
771.188,0.0
771.788,3.1
772.389,0.0
772.99,3.0
773.591,0.0
774.192,0.0
774.793,3.1
775.394,0.0
775.996,0.0
776.596,0.0
777.197,0.0
777.798,0.0
778.398,0.0
778.999,0.0
779.6,0.0
780.201,6.2
780.802,0.0
781.403,0.0
782.005,0.0
782.607,0.0
783.208,0.0
783.81,0.0
784.411,0.0
785.012,0.0
785.612,0.0
786.213,0.0
786.815,0.0
787.416,3.1
788.017,0.0
788.618,3.1
789.219,3.1
789.819,0.0
790.42,0.0
791.021,3.1
791.622,0.0
792.223,0.0
792.824,0.0
793.425,0.0
794.032,0.0
794.634,0.0
795.235,0.0
795.836,3.1
796.436,0.0
797.037,0.0
797.638,0.0
798.238,0.0
798.839,3.1
799.439,3.1
800.04,0.0
800.642,0.0
801.243,3.1
801.843,0.0
802.445,0.0
803.046,3.1
803.647,0.0
804.247,0.0
804.848,0.0
805.448,0.0
806.049,3.1
806.65,0.0
807.251,0.0
807.852,0.0
808.453,0.0
809.053,3.1
809.654,0.0
810.255,0.0
810.86,0.0
811.463,0.0
812.064,0.0
812.665,0.0
813.265,0.0
813.866,3.1
814.467,0.0
815.068,0.0
815.669,3.1
816.27,0.0
816.871,0.0
817.472,0.0
818.073,0.0
818.674,3.1
819.275,0.0
819.876,0.0
820.477,0.0
821.077,0.0
821.678,0.0
822.28,0.0
822.88,3.0
823.481,0.0
824.082,3.1
824.684,3.1
825.285,3.1
825.886,0.0
826.487,0.0
827.088,0.0
827.689,0.0
828.289,0.0
828.89,0.0
829.491,0.0
830.092,0.0
830.693,0.0
831.295,0.0
831.896,0.0
832.496,0.0
833.097,0.0
833.698,0.0
834.299,0.0
834.9,6.2
835.501,0.0
836.102,0.0
836.707,3.1
837.307,0.0
837.908,3.1
838.509,0.0
839.11,0.0
839.711,0.0
840.311,0.0
840.912,0.0
841.513,3.1
842.114,0.0
842.716,0.0
843.317,0.0
843.918,0.0
844.519,0.0
845.12,0.0
845.72,0.0
846.321,0.0
846.921,3.1
847.522,0.0
848.123,0.0
848.724,0.0
849.324,0.0
849.925,0.0
850.526,0.0
851.127,3.1
851.728,3.1
852.329,0.0
852.93,3.1
853.531,0.0
854.132,6.2
854.733,3.1
855.333,0.0
855.934,6.2
856.535,0.0
857.136,6.2
857.736,0.0
858.337,0.0
858.938,0.0
859.539,0.0
860.14,0.0
860.74,0.0
861.341,0.0
861.942,0.0
862.543,0.0
863.144,0.0
863.745,0.0
864.346,0.0
864.947,3.1
865.55,0.0
866.151,9.4
866.752,0.0
867.354,0.0
867.961,3.1
868.561,0.0
869.162,0.0
869.763,0.0
870.364,0.0
870.965,0.0
871.566,0.0
872.167,0.0
872.771,0.0
873.372,0.0
873.973,0.0
874.575,0.0
875.176,3.1
875.777,12.5
876.378,3.1
876.979,6.2
877.58,6.2
878.18,0.0
878.782,0.0
879.384,6.2
879.985,0.0
880.586,0.0
881.187,0.0
881.788,0.0
882.389,3.1
882.989,3.1
883.59,0.0
884.191,3.1
884.792,3.1
885.394,0.0
885.996,0.0
886.597,0.0
887.197,0.0
887.798,0.0
888.399,0.0
889.0,0.0
889.601,0.0
890.202,0.0
890.803,3.1
891.404,0.0
892.006,0.0
892.606,0.0
893.207,0.0
893.808,0.0
894.409,0.0
895.01,0.0
895.611,0.0
896.212,0.0
896.817,3.1
897.417,3.1
898.018,0.0
898.618,0.0
899.219,0.0
899.821,0.0
900.422,0.0
901.023,0.0
901.624,3.1
902.225,0.0
902.825,0.0
903.427,0.0
904.028,0.0
904.629,0.0
905.23,0.0
905.83,0.0
906.431,0.0
907.032,0.0
907.632,3.1
908.235,0.0
908.836,0.0
909.439,0.0
910.043,3.1
910.643,0.0
911.244,0.0
911.845,0.0
912.445,0.0
913.047,0.0
913.648,3.1
914.249,0.0
914.85,0.0
915.452,3.1
916.053,3.1
916.655,0.0
917.256,0.0
917.857,0.0
918.458,0.0
919.059,0.0
919.659,0.0
920.26,0.0
920.86,0.0
921.461,0.0
922.062,0.0
922.663,3.1
923.264,0.0
923.866,0.0
924.468,0.0
925.069,0.0
925.671,3.1
926.272,3.1
926.873,0.0
927.474,0.0
928.075,0.0
928.676,0.0
929.277,0.0
929.877,3.1
930.478,0.0
931.078,0.0
931.679,3.1
932.28,0.0
932.881,3.1
933.481,0.0
934.082,0.0
934.683,0.0
935.284,0.0
935.885,0.0
936.486,6.2
937.088,0.0
937.689,0.0
938.29,3.1
938.891,3.1
939.492,0.0
940.094,0.0
940.695,0.0
941.295,0.0
941.896,0.0
942.497,0.0
943.099,0.0
943.699,0.0
944.3,0.0
944.901,0.0
945.503,3.1
946.104,0.0
946.705,0.0
947.305,0.0
947.906,0.0
948.507,0.0
949.108,3.1
949.709,0.0
950.31,0.0
950.911,3.1
951.512,6.2
952.114,0.0
952.715,3.1
953.315,0.0
953.916,0.0
954.517,3.1
955.119,9.4
955.72,0.0
956.321,0.0
956.922,0.0
957.523,0.0
958.124,3.1
958.725,3.0
959.326,0.0
959.927,0.0
960.527,0.0
961.128,0.0
961.729,3.1
962.329,0.0
962.93,3.1
963.531,0.0
964.133,0.0
964.733,3.1
965.334,0.0
965.935,0.0
966.535,3.1
967.136,0.0
967.737,0.0
968.338,0.0
968.938,0.0
969.539,0.0
970.14,3.1
970.741,0.0
971.341,0.0
971.942,3.1
972.543,0.0
973.144,0.0
973.745,0.0
974.346,0.0
974.947,3.1
975.548,0.0
976.149,0.0
976.749,3.1
977.35,0.0
977.951,0.0
978.558,0.0
979.159,0.0
979.759,0.0
980.36,0.0
980.96,0.0
981.561,0.0
982.162,3.0
982.763,0.0
983.364,0.0
983.965,0.0
984.566,3.1
985.167,0.0
985.768,0.0
986.369,0.0
986.969,3.1
987.571,0.0
988.172,0.0
988.775,0.0
989.376,0.0
989.978,0.0
990.579,0.0
991.182,0.0
991.784,0.0
992.386,0.0
992.987,0.0
993.588,0.0
994.189,0.0
994.79,0.0
995.391,0.0
995.991,3.1
996.593,0.0
997.194,0.0
997.795,0.0
998.396,0.0
998.996,3.1
999.597,0.0
1000.197,0.0
1000.797,0.0
1001.398,0.0
1001.999,3.1
1002.6,0.0
1003.2,0.0
1003.801,3.1
1004.401,0.0
1005.003,0.0
1005.603,0.0
1006.204,3.1
1006.806,0.0
1007.408,0.0
1008.008,3.1
1008.609,0.0
1009.21,0.0
1009.81,0.0
1010.413,0.0
1011.022,0.0
1011.624,3.1
1012.225,0.0
1012.826,9.4
1013.427,0.0
1014.028,3.1
1014.629,0.0
1015.23,3.1
1015.83,0.0
1016.43,3.1
1017.031,3.1
1017.633,0.0
1018.233,0.0
1018.834,0.0
1019.435,0.0
1020.036,0.0
1020.637,0.0
1021.238,0.0
1021.84,3.1
1022.441,0.0
1023.042,0.0
1023.643,0.0
1024.244,0.0
1024.846,0.0
1025.446,0.0
1026.048,0.0
1026.65,6.2
1027.251,3.1
1027.854,0.0
1028.455,0.0
1029.056,0.0
1029.658,0.0
1030.262,0.0
1030.866,3.1
1031.467,0.0
1032.068,0.0
1032.669,3.1
1033.27,0.0
1033.871,3.1
1034.472,0.0
1035.073,0.0
1035.674,0.0
1036.275,0.0
1036.876,0.0
1037.478,3.1
1038.08,0.0
1038.681,0.0
1039.282,0.0
1039.883,0.0
1040.484,3.1
1041.085,0.0
1041.685,0.0
1042.289,0.0
1042.892,0.0
1043.493,0.0
1044.094,0.0
1044.696,0.0
1045.297,0.0
1045.898,3.1
1046.498,0.0
1047.099,0.0
1047.7,0.0
1048.3,0.0
1048.901,0.0
1049.502,0.0
1050.102,0.0
1050.703,3.1
1051.304,0.0
1051.905,0.0
1052.505,0.0
1053.107,3.1
1053.708,0.0
1054.309,0.0
1054.91,0.0
1055.511,0.0
1056.113,0.0
1056.714,0.0
1057.315,3.1
1057.916,0.0
1058.516,0.0
1059.117,0.0
1059.718,3.1
1060.32,0.0
1060.921,0.0
1061.521,0.0
1062.123,3.1
1062.723,0.0
1063.324,0.0
1063.926,0.0
1064.527,0.0
1065.127,3.1
1065.728,0.0
1066.329,0.0
1066.93,0.0
1067.531,3.1
1068.132,0.0
1068.733,0.0
1069.334,0.0
1069.934,0.0
1070.535,0.0
1071.135,0.0
1071.736,3.1
1072.337,0.0
1072.938,0.0
1073.538,3.1
1074.139,0.0
1074.74,0.0
1075.34,0.0
1075.941,0.0
1076.542,0.0
1077.142,0.0
1077.743,0.0
1078.344,0.0
1078.944,0.0
1079.545,0.0
1080.146,3.1
1080.747,0.0
1081.347,3.1
1081.948,0.0
1082.549,6.2
1083.15,3.1
1083.75,0.0
1084.352,0.0
1084.953,0.0
1085.553,0.0
1086.154,3.1
1086.755,0.0
1087.355,0.0
1087.957,0.0
1088.557,0.0
1089.158,0.0
1089.759,6.2
1090.361,3.1
1090.962,0.0
1091.563,6.2
1092.165,0.0
1092.766,0.0
1093.366,0.0
1093.968,0.0
1094.568,0.0
1095.169,0.0
1095.769,12.5
1096.37,0.0
1096.971,3.1
1097.572,12.5
1098.172,6.2
1098.773,0.0
1099.374,9.4
1099.975,0.0
1100.575,0.0
1101.176,3.1
1101.777,0.0
1102.378,0.0
1102.98,0.0
1103.581,0.0
1104.183,0.0
1104.784,0.0
1105.385,0.0
1105.985,0.0
1106.586,0.0
1107.187,0.0
1107.789,0.0
1108.389,0.0
1108.99,0.0
1109.591,0.0
1110.191,0.0
1110.793,0.0
1111.394,0.0
1111.995,0.0
1112.595,0.0
1113.196,0.0
1113.799,0.0
1114.4,0.0
1115.002,0.0
1115.602,3.1
1116.203,0.0
1116.804,0.0
1117.405,0.0
1118.006,0.0
1118.606,0.0
1119.208,0.0
1119.808,0.0
1120.409,0.0
1121.01,0.0
1121.612,0.0
1122.213,0.0
1122.816,0.0
1123.417,0.0
1124.017,0.0
1124.618,3.1
1125.219,0.0
1125.82,0.0
1126.42,3.1
1127.022,0.0
1127.622,0.0
1128.224,0.0
1128.826,0.0
1129.429,0.0
1130.03,0.0
1130.631,0.0
1131.232,0.0
1131.832,0.0
1132.433,0.0
1133.034,0.0
1133.635,0.0
1134.236,0.0
1134.836,0.0
1135.438,0.0
1136.039,0.0
1136.64,3.1
1137.242,0.0
1137.842,3.1
1138.443,0.0
1139.044,0.0
1139.646,0.0
1140.247,3.1
1140.848,3.1
1141.449,0.0
1142.05,0.0
1142.652,0.0
1143.252,3.1
1143.853,0.0
1144.454,0.0
1145.057,0.0
1145.659,6.2
1146.259,3.1
1146.861,0.0
1147.464,0.0
1148.066,3.1
1148.668,0.0
1149.27,0.0
1149.871,0.0
1150.471,0.0
1151.072,0.0
1151.673,0.0
1152.274,0.0
1152.874,0.0
1153.475,0.0
1154.076,0.0
1154.677,3.1
1155.277,0.0
1155.878,3.0
1156.483,6.2
1157.083,0.0
1157.685,0.0
1158.286,0.0
1158.887,0.0
1159.488,0.0
1160.088,6.2
1160.689,6.2
1161.29,0.0
1161.891,0.0
1162.491,0.0
1163.092,3.1
1163.693,0.0
1164.294,0.0
1164.895,0.0
1165.495,0.0
1166.096,0.0
1166.698,3.1
1167.299,0.0
1167.9,0.0
1168.5,6.2
1169.103,0.0
1169.704,0.0
1170.305,0.0
1170.907,0.0
1171.507,3.1
1172.108,0.0
1172.708,0.0
1173.309,0.0
1173.909,3.1
1174.51,3.1
1175.111,0.0
1175.711,0.0
1176.312,3.1
1176.912,0.0
1177.513,0.0
1178.114,0.0
1178.717,0.0
1179.317,0.0
1179.919,0.0
1180.52,3.1
1181.121,0.0
1181.721,0.0
1182.322,0.0
1182.923,0.0
1183.526,0.0
1184.128,3.1
1184.73,0.0
1185.331,3.1
1185.933,0.0
1186.534,3.1
1187.135,0.0
1187.736,0.0
1188.336,3.1
1188.937,3.1
1189.538,0.0
1190.139,0.0
1190.74,3.1
1191.341,0.0
1191.942,0.0
1192.543,0.0
1193.144,3.1
1193.745,0.0
1194.346,0.0
1194.946,3.1
1195.547,0.0
1196.151,0.0
1196.752,0.0
1197.352,0.0
1197.953,0.0
1198.554,3.1
1199.155,0.0
1199.756,0.0
1200.356,0.0
1200.957,3.1
1201.557,0.0
1202.158,0.0
1202.758,0.0
1203.36,0.0
1203.96,0.0
1204.561,3.1
1205.162,0.0
1205.763,0.0
1206.363,0.0
1206.964,3.1
1207.564,0.0
1208.166,0.0
1208.768,0.0
1209.369,0.0
1209.97,0.0
1210.571,0.0
1211.171,3.1
1211.771,0.0
1212.372,0.0
1212.973,3.1
1213.573,0.0
1214.174,0.0
1214.775,0.0
1215.376,3.1
1215.977,0.0
1216.578,0.0
1217.178,6.2
1217.779,0.0
1218.379,0.0
1218.98,0.0
1219.581,3.1
1220.182,0.0
1220.782,3.1
1221.385,3.1
1221.987,0.0
1222.588,0.0
1223.189,0.0
1223.79,0.0
1224.39,0.0
1224.991,0.0
1225.592,0.0
1226.193,0.0
1226.793,6.2
1227.394,0.0
1227.995,0.0
1228.596,0.0
1229.197,6.2
1229.797,0.0
1230.398,0.0
1230.999,0.0
1231.599,0.0
1232.201,3.1
1232.802,0.0
1233.403,0.0
1234.004,3.1
1234.604,0.0
1235.205,0.0
1235.805,0.0
1236.406,0.0
1237.007,0.0
1237.608,3.1
1238.209,0.0
1238.81,0.0
1239.411,0.0
1240.011,0.0
1240.611,0.0
1241.212,0.0
1241.813,0.0
1242.414,3.1
1243.014,0.0
1243.615,0.0
1244.216,3.1
1244.817,0.0
1245.418,3.1
1246.019,0.0
1246.62,3.1
1247.221,3.1
1247.822,3.1
1248.423,0.0
1249.023,0.0
1249.624,0.0
1250.224,0.0
1250.825,0.0
1251.426,0.0
1252.027,0.0
1252.627,0.0
1253.228,3.1
1253.828,0.0
1254.429,0.0
1255.03,3.1
1255.631,0.0
1256.231,3.1
1256.832,0.0
1257.433,6.2
1258.033,3.1
1258.634,6.2
1259.236,3.1
1259.837,0.0
1260.438,0.0
1261.039,0.0
1261.64,0.0
1262.241,0.0
1262.842,0.0
1263.443,0.0
1264.043,0.0
1264.644,3.1
1265.245,0.0
1265.846,6.2
1266.447,3.1
1267.048,0.0
1267.649,0.0
1268.249,0.0
1268.85,0.0
1269.451,0.0
1270.051,0.0
1270.653,0.0
1271.254,0.0
1271.855,0.0
1272.456,0.0
1273.057,0.0
1273.658,3.1
1274.259,0.0
1274.86,0.0
1275.46,0.0
1276.061,0.0
1276.662,0.0
1277.263,0.0
1277.864,0.0
1278.464,0.0
1279.065,0.0
1279.666,0.0
1280.267,0.0
1280.868,3.1
1281.468,0.0
1282.069,0.0
1282.67,0.0
1283.271,0.0
1283.872,3.1
1284.473,0.0
1285.074,0.0
1285.675,0.0
1286.275,3.1
1286.876,0.0
1287.477,3.1
1288.078,3.1
1288.679,0.0
1289.28,3.1
1289.881,0.0
1290.481,0.0
1291.082,0.0
1291.683,0.0
1292.284,0.0
1292.884,3.1
1293.485,3.1
1294.085,0.0
1294.686,0.0
1295.287,0.0
1295.888,0.0
1296.49,0.0
1297.091,3.1
1297.693,3.1
1298.293,3.1
1298.894,0.0
1299.495,0.0
1300.096,0.0
1300.696,3.1
1301.297,0.0
1301.898,0.0
1302.499,3.1
1303.1,0.0
1303.7,3.1
1304.302,3.1
1304.903,0.0
1305.503,6.2
1306.104,3.1
1306.705,0.0
1307.306,3.1
1307.907,3.1
1308.507,0.0
1309.108,0.0
1309.709,0.0
1310.309,0.0
1310.91,0.0
1311.511,0.0
1312.112,3.1
1312.713,0.0
1313.314,0.0
1313.915,0.0
1314.515,6.2
1315.116,0.0
1315.717,12.5
1316.318,3.0
1316.919,9.4
1317.519,3.1
1318.12,0.0
1318.721,0.0
1319.322,9.4
1319.923,0.0
1320.523,3.1
1321.124,0.0
1321.724,0.0
1322.325,0.0
1322.926,0.0
1323.526,0.0
1324.127,3.1
1324.728,0.0
1325.329,0.0
1325.929,3.1
1326.529,0.0
1327.13,0.0
1327.731,0.0
1328.332,0.0
1328.933,0.0
1329.534,3.1
1330.135,0.0
1330.735,0.0
1331.336,0.0
1331.937,0.0
1332.538,0.0
1333.139,0.0
1333.74,0.0
1334.341,0.0
1334.941,0.0
1335.542,3.1
1336.143,0.0
1336.744,3.1
1337.344,0.0
1337.945,3.1
1338.545,3.1
1339.146,0.0
1339.747,0.0
1340.348,0.0
1340.948,0.0
1341.549,0.0
1342.15,0.0
1342.751,3.1
1343.352,0.0
1343.952,0.0
1344.553,0.0
1345.154,0.0
1345.755,0.0
1346.356,6.2
1346.959,0.0
1347.56,0.0
1348.161,0.0
1348.761,0.0
1349.363,3.1
1349.963,0.0
1350.564,0.0
1351.165,3.1
1351.766,0.0
1352.367,0.0
1352.968,0.0
1353.568,0.0
1354.169,0.0
1354.77,0.0
1355.371,0.0
1355.971,0.0
1356.572,0.0
1357.173,0.0
1357.775,0.0
1358.376,0.0
1358.977,0.0
1359.579,0.0
1360.18,0.0
1360.781,0.0
1361.382,3.1
1361.983,0.0
1362.584,0.0
1363.185,0.0
1363.785,0.0
1364.386,0.0
1364.987,0.0
1365.588,0.0
1366.189,3.1
1366.79,0.0
1367.39,0.0
1367.992,0.0
1368.593,0.0
1369.194,3.1
1369.794,0.0
1370.395,0.0
1370.996,0.0
1371.597,0.0
1372.197,3.1
1372.798,3.1
1373.399,0.0
1374.0,0.0
1374.601,0.0
1375.202,3.1
1375.803,3.1
1376.404,0.0
1377.005,0.0
1377.605,0.0
1378.206,0.0
1378.807,0.0
1379.407,0.0
1380.009,3.1
1380.61,3.1
1381.211,0.0
1381.812,3.1
1382.413,0.0
1383.014,3.1
1383.615,0.0
1384.215,0.0
1384.817,0.0
1385.418,0.0
1386.018,0.0
1386.619,0.0
1387.22,0.0
1387.821,0.0
1388.421,3.1
1389.022,0.0
1389.623,0.0
1390.224,0.0
1390.824,0.0
1391.43,3.1
1392.034,0.0
1392.635,0.0
1393.235,3.1
1393.836,6.2
1394.437,0.0
1395.038,0.0
1395.639,0.0
1396.24,0.0
1396.841,0.0
1397.442,0.0
1398.044,0.0
1398.645,0.0
1399.246,0.0
1399.847,3.1
1400.448,0.0
1401.049,6.2
1401.65,6.2
1402.25,0.0
1402.852,0.0
1403.453,0.0
1404.054,0.0
1404.654,0.0
1405.255,0.0
1405.856,0.0
1406.457,0.0
1407.057,0.0
1407.658,0.0
1408.259,3.1
1408.859,0.0
1409.46,0.0
1410.062,0.0
1410.662,0.0
1411.262,0.0
1411.864,0.0
1412.464,0.0
1413.065,0.0
1413.665,3.1
1414.267,0.0
1414.867,0.0
1415.468,0.0
1416.069,0.0
1416.67,0.0
1417.271,0.0
1417.871,0.0
1418.472,0.0
1419.073,0.0
1419.674,0.0
1420.275,0.0
1420.876,3.1
1421.478,3.1
1422.079,0.0
1422.679,3.1
1423.28,0.0
1423.88,0.0
1424.481,0.0
1425.081,3.1
1425.682,0.0
1426.283,0.0
1426.884,0.0
1427.484,0.0
1428.085,0.0
1428.686,3.1
1429.289,0.0
1429.89,0.0
1430.491,0.0
1431.093,3.1
1431.694,0.0
1432.294,0.0
1432.895,6.2
1433.496,0.0
1434.097,0.0
1434.697,6.2
1435.298,0.0
1435.9,0.0
1436.501,0.0
1437.102,0.0
1437.703,0.0
1438.304,3.1
1438.905,0.0
1439.505,3.1
1440.106,0.0
1440.707,0.0
1441.307,0.0
1441.908,0.0
1442.509,3.1
1443.11,3.1
1443.711,0.0
1444.312,0.0
1444.913,0.0
1445.514,0.0
1446.114,0.0
1446.715,0.0
1447.316,0.0
1447.916,0.0
1448.517,3.1
1449.118,0.0
1449.719,0.0
1450.319,3.1
1450.92,3.1
1451.521,0.0
1452.122,0.0
1452.723,0.0
1453.324,0.0
1453.925,0.0
1454.526,0.0
1455.127,0.0
1455.727,0.0
1456.328,0.0
1456.929,0.0
1457.53,0.0
1458.13,0.0
1458.731,0.0
1459.331,3.1
1459.932,0.0
1460.532,3.1
1461.133,0.0
1461.734,3.1
1462.335,3.1
1462.936,0.0
1463.537,0.0
1464.138,0.0
1464.739,0.0
1465.34,3.1
1465.94,0.0
1466.541,0.0
1467.142,0.0
1467.743,3.1
1468.343,3.1
1468.944,0.0
1469.545,0.0
1470.146,0.0
1470.747,3.1
1471.348,0.0
1471.948,0.0
1472.55,0.0
1473.151,0.0
1473.752,0.0
1474.353,0.0
1474.954,0.0
1475.555,0.0
1476.155,3.1
1476.756,0.0
1477.357,3.1
1477.958,0.0
1478.559,0.0
1479.16,0.0
1479.761,0.0
1480.362,6.2
1480.963,0.0
1481.563,0.0
1482.165,0.0
1482.765,3.1
1483.366,0.0
1483.967,3.1
1484.569,0.0
1485.169,3.1
1485.77,0.0
1486.371,3.1
1486.971,0.0
1487.572,0.0
1488.173,3.1
1488.774,0.0
1489.375,3.1
1489.976,3.1
1490.577,0.0
1491.178,0.0
1491.779,0.0
1492.379,0.0
1492.98,3.1
1493.581,0.0
1494.181,0.0
1494.782,3.1
1495.383,0.0
1495.984,0.0
1496.584,3.1
1497.187,0.0
1497.788,0.0
1498.388,0.0
1498.989,0.0
1499.59,0.0
1500.191,0.0
1500.792,0.0
1501.393,0.0
1501.993,3.1
1502.594,0.0
1503.195,0.0
1503.796,3.1
1504.396,0.0
1504.997,3.1
1505.598,9.4
1506.199,0.0
1506.8,0.0
1507.4,0.0
1508.001,0.0
1508.602,0.0
1509.203,0.0
1509.804,0.0
1510.405,3.1
1511.005,0.0
1511.606,0.0
1512.207,0.0
1512.808,0.0
1513.409,0.0
1514.009,0.0
1514.61,0.0
1515.21,0.0
1515.811,9.4
1516.412,3.0
1517.013,0.0
1517.614,0.0
1518.215,3.1
1518.817,0.0
1519.417,0.0
1520.018,0.0
1520.619,0.0
1521.22,0.0
1521.82,0.0
1522.421,0.0
1523.022,0.0
1523.623,0.0
1524.224,0.0
1524.825,0.0
1525.426,3.1
1526.026,0.0
1526.627,0.0
1527.228,0.0
1527.829,3.1
1528.43,0.0
1529.031,0.0
1529.631,0.0
1530.232,3.1
1530.832,0.0
1531.434,0.0
1532.035,3.1
1532.636,0.0
1533.236,0.0
1533.837,0.0
1534.438,0.0
1535.039,0.0
1535.639,12.5
1536.24,0.0
1536.841,9.4
1537.442,6.2
1538.043,0.0
1538.644,0.0
1539.245,6.2
1539.846,0.0
1540.447,0.0
1541.047,0.0
1541.648,3.1
1542.249,0.0
1542.849,0.0
1543.451,0.0
1544.052,0.0
1544.653,0.0
1545.254,3.1
1545.854,0.0
1546.455,0.0
1547.056,0.0
1547.657,3.1
1548.258,3.1
1548.859,6.2
1549.46,0.0
1550.06,3.1
1550.661,0.0
1551.262,0.0
1551.862,0.0
1552.463,0.0
1553.064,0.0
1553.664,0.0
1554.265,3.1
1554.865,0.0
1555.466,0.0
1556.067,3.1
1556.668,0.0
1557.268,0.0
1557.869,3.1
1558.47,0.0
1559.071,0.0
1559.672,0.0
1560.272,0.0
1560.872,3.1
1561.473,0.0
1562.074,3.1
1562.675,0.0
1563.276,0.0
1563.877,0.0
1564.477,0.0
1565.078,0.0
1565.679,0.0
1566.28,0.0
1566.88,0.0
1567.482,0.0
1568.082,0.0
1568.683,0.0
1569.284,0.0
1569.885,0.0
1570.486,3.1
1571.087,3.1
1571.687,3.1
1572.288,0.0
1572.889,0.0
1573.489,0.0
1574.09,0.0
1574.691,3.1
1575.292,3.1
1575.893,0.0
1576.493,3.1
1577.094,0.0
1577.695,0.0
1578.295,0.0
1578.896,6.2
1579.497,0.0
1580.097,0.0
1580.698,3.1
1581.3,3.1
1581.9,0.0
1582.501,0.0
1583.102,3.1
1583.703,0.0
1584.304,3.1
1584.906,3.1
1585.507,0.0
1586.108,0.0
1586.708,3.1
1587.309,3.1
1587.909,0.0
1588.51,0.0
1589.112,0.0
1589.713,0.0
1590.313,0.0
1590.914,3.1
1591.515,6.2
1592.115,0.0
1592.716,0.0
1593.317,0.0
1593.917,0.0
1594.518,0.0
1595.12,0.0
1595.721,0.0
1596.322,3.1
1596.923,3.1
1597.524,3.1
1598.125,0.0
1598.726,0.0
1599.326,0.0
1599.927,3.1
1600.527,0.0
1601.13,0.0
1601.731,0.0
1602.332,0.0
1602.933,0.0
1603.533,3.1
1604.134,3.1
1604.735,3.1
1605.336,0.0
1605.936,0.0
1606.537,0.0
1607.138,0.0
1607.74,3.1
1608.34,0.0
1608.942,0.0
1609.543,3.1
1610.144,3.1
1610.744,3.1
1611.345,3.1
1611.946,6.2
1612.547,0.0
1613.148,0.0
1613.749,0.0
1614.35,0.0
1614.95,0.0
1615.551,0.0
1616.152,0.0
1616.753,0.0
1617.353,0.0
1617.955,0.0
1618.556,0.0
1619.157,0.0
1619.758,0.0
1620.359,0.0
1620.959,0.0
1621.56,0.0
1622.161,3.1
1622.761,0.0
1623.363,0.0
1623.964,0.0
1624.565,0.0
1625.166,0.0
1625.767,3.1
1626.367,0.0
1626.968,0.0
1627.569,0.0
1628.17,0.0
1628.771,3.1
1629.372,3.1
1629.973,3.1
1630.574,0.0
1631.175,0.0
1631.777,0.0
1632.378,0.0
1632.979,3.1
1633.579,0.0
1634.18,0.0
1634.78,0.0
1635.381,3.1
1635.982,0.0
1636.583,3.1
1637.184,0.0
1637.784,0.0
1638.385,0.0
1638.986,0.0
1639.587,0.0
1640.188,0.0
1640.79,0.0
1641.391,6.2
1641.992,0.0
1642.593,0.0
1643.194,3.1
1643.795,0.0
1644.396,0.0
1644.997,3.1
1645.597,0.0
1646.198,0.0
1646.799,0.0
1647.4,3.1
1648.001,0.0
1648.602,3.1
1649.203,0.0
1649.804,0.0
1650.404,0.0
1651.005,0.0
1651.607,0.0
1652.208,0.0
1652.809,3.1
1653.409,0.0
1654.01,0.0
1654.611,0.0
1655.212,0.0
1655.814,3.1
1656.414,0.0
1657.015,0.0
1657.616,3.1
1658.217,0.0
1658.818,3.1
1659.418,0.0
1660.019,0.0
1660.62,3.1
1661.221,0.0
1661.822,0.0
1662.423,3.1
1663.024,0.0
1663.625,0.0
1664.226,0.0
1664.826,0.0
1665.427,0.0
1666.028,0.0
1666.629,0.0
1667.23,0.0
1667.83,6.2
1668.431,0.0
1669.034,0.0
1669.634,0.0
1670.235,0.0
1670.836,0.0
1671.437,0.0
1672.038,3.1
1672.639,0.0
1673.239,0.0
1673.84,0.0
1674.441,0.0
1675.042,3.1
1675.643,0.0
1676.244,3.1
1676.845,0.0
1677.446,0.0
1678.047,3.1
1678.647,3.1
1679.248,0.0
1679.849,0.0
1680.45,3.1
1681.05,0.0
1681.651,0.0
1682.252,3.1
1682.853,0.0
1683.454,0.0
1684.055,0.0
1684.655,0.0
1685.256,0.0
1685.857,0.0
1686.458,0.0
1687.059,3.1
1687.66,0.0
1688.26,0.0
1688.861,0.0
1689.462,3.1
1690.062,0.0
1690.663,0.0
1691.264,3.1
1691.865,0.0
1692.465,0.0
1693.066,0.0
1693.667,0.0
1694.268,3.1
1694.87,0.0
1695.47,3.1
1696.071,6.2
1696.671,0.0
1697.273,6.2
1697.873,0.0
1698.474,3.0
1699.075,3.1
1699.677,3.0
1700.278,0.0
1700.879,0.0
1701.48,3.1
1702.081,0.0
1702.682,3.1
1703.282,0.0
1703.883,0.0
1704.484,3.1
1705.084,0.0
1705.685,3.1
1706.286,3.1
1706.888,0.0
1707.488,0.0
1708.09,3.1
1708.691,0.0
1709.292,3.1
1709.893,0.0
1710.494,0.0
1711.095,0.0
1711.696,0.0
1712.297,3.1
1712.898,3.1
1713.498,0.0
1714.099,3.1
1714.7,0.0
1715.3,0.0
1715.901,3.1
1716.502,3.1
1717.104,3.1
1717.704,0.0
1718.305,0.0
1718.906,3.1
1719.507,0.0
1720.108,0.0
1720.709,0.0
1721.311,0.0
1721.912,0.0
1722.513,3.1
1723.114,0.0
1723.715,3.1
1724.316,3.1
1724.918,3.1
1725.519,0.0
1726.119,3.1
1726.72,0.0
1727.323,0.0
1727.923,3.1
1728.524,0.0
1729.124,0.0
1729.725,3.1
1730.326,0.0
1730.927,0.0
1731.529,3.1
1732.13,0.0
1732.731,0.0
1733.332,0.0
1733.933,0.0
1734.534,0.0
1735.135,0.0
1735.737,0.0
1736.338,0.0
1736.939,0.0
1737.54,0.0
1738.14,0.0
1738.743,0.0
1739.345,0.0
1739.946,0.0
1740.547,0.0
1741.148,0.0
1741.748,0.0
1742.349,0.0
1742.951,0.0
1743.551,0.0
1744.152,0.0
1744.752,3.1
1745.353,3.1
1745.955,0.0
1746.557,3.1
1747.158,0.0
1747.759,0.0
1748.359,3.1
1748.96,0.0
1749.561,0.0
1750.163,0.0
1750.764,0.0
1751.365,0.0
1751.967,0.0
1752.568,0.0
1753.169,0.0
1753.77,0.0
1754.372,0.0
1754.973,0.0
1755.574,12.5
1756.175,3.1
1756.775,3.1
1757.376,0.0
1757.978,0.0
1758.579,0.0
1759.18,9.4
1759.781,0.0
1760.382,0.0
1760.983,0.0
1761.584,0.0
1762.185,3.1
1762.792,0.0
1763.393,0.0
1763.994,0.0
1764.595,0.0
1765.196,0.0
1765.796,0.0
1766.397,3.1
1766.998,3.1
1767.598,3.1
1768.2,0.0
1768.8,0.0
1769.402,0.0
1770.003,0.0
1770.604,0.0
1771.204,0.0
1771.805,0.0
1772.405,3.1
1773.005,3.0
1773.606,0.0
1774.208,0.0
1774.809,0.0
1775.409,3.1
1776.011,0.0
1776.612,3.1
1777.213,0.0
1777.814,0.0
1778.415,0.0
1779.016,0.0
1779.617,0.0
1780.218,0.0
1780.818,0.0
1781.419,0.0
1782.02,3.1
1782.621,0.0
1783.223,0.0
1783.823,0.0
1784.425,0.0
1785.026,0.0
1785.628,0.0
1786.228,0.0
1786.829,0.0
1787.429,0.0
1788.03,0.0
1788.631,0.0
1789.231,0.0
1789.833,0.0
1790.434,0.0
1791.035,0.0
1791.636,0.0
1792.237,0.0
1792.837,3.1
1793.438,0.0
1794.039,0.0
1794.64,0.0
1795.241,0.0
1795.842,0.0
1796.443,0.0
1797.044,0.0
1797.645,6.2
1798.246,0.0
1798.846,0.0
1799.447,0.0
1800.048,0.0
1800.649,0.0
1801.25,3.1
1801.85,3.1
1802.451,3.1
1803.052,0.0
1803.653,3.1
1804.254,3.1
1804.855,0.0
1805.456,0.0
1806.057,0.0
1806.658,3.1
1807.259,3.1
1807.86,0.0
1808.461,0.0
1809.061,3.1
1809.662,0.0
1810.264,0.0
1810.865,0.0
1811.466,0.0
1812.067,0.0
1812.667,0.0
1813.268,0.0
1813.869,0.0
1814.47,0.0
1815.071,6.2
1815.671,0.0
1816.272,0.0
1816.873,0.0
1817.474,3.1
1818.075,0.0
1818.675,0.0
1819.276,0.0
1819.877,0.0
1820.478,0.0
1821.078,0.0
1821.679,0.0
1822.28,3.1
1822.881,0.0
1823.482,0.0
1824.083,3.1
1824.684,0.0
1825.285,0.0
1825.885,3.1
1826.486,3.1
1827.087,0.0
1827.687,0.0
1828.288,0.0
1828.889,0.0
1829.49,0.0
1830.09,0.0
1830.691,0.0
1831.292,0.0
1831.893,0.0
1832.493,6.2
1833.094,0.0
1833.695,0.0
1834.295,0.0
1834.896,0.0
1835.497,0.0
1836.098,3.1
1836.699,0.0
1837.299,0.0
1837.902,0.0
1838.502,3.1
1839.103,0.0
1839.708,0.0
1840.309,0.0
1840.909,0.0
1841.51,3.1
1842.11,0.0
1842.711,0.0
1843.312,0.0
1843.913,0.0
1844.514,3.1
1845.114,0.0
1845.715,0.0
1846.316,0.0
1846.916,0.0
1847.517,0.0
1848.118,0.0
1848.719,0.0
1849.32,0.0
1849.92,3.1
1850.521,0.0
1851.122,0.0
1851.723,0.0
1852.324,0.0
1852.924,0.0
1853.525,3.1
1854.126,0.0
1854.727,0.0
1855.328,0.0
1855.928,3.1
1856.529,0.0
1857.129,3.1
1857.73,0.0
1858.331,0.0
1858.932,0.0
1859.533,0.0
1860.133,0.0
1860.734,0.0
1861.335,0.0
1861.936,0.0
1862.536,0.0
1863.137,0.0
1863.738,3.1
1864.339,0.0
1864.939,0.0
1865.54,0.0
1866.141,3.1
1866.741,0.0
1867.342,0.0
1867.943,0.0
1868.543,0.0
1869.144,0.0
1869.744,3.1
1870.345,3.1
1870.946,9.4
1871.547,0.0
1872.147,0.0
1872.748,3.1
1873.349,0.0
1873.95,0.0
1874.55,0.0
1875.152,6.2
1875.753,0.0
1876.354,6.2
1876.955,0.0
1877.555,3.1
1878.156,0.0
1878.757,0.0
1879.358,0.0
1879.958,0.0
1880.559,0.0
1881.16,0.0
1881.761,3.1
1882.362,0.0
1882.962,0.0
1883.563,3.1
1884.164,0.0
1884.764,0.0
1885.365,3.1
1885.966,0.0
1886.566,0.0
1887.167,0.0
1887.768,3.1
1888.368,0.0
1888.969,0.0
1889.57,0.0
1890.17,3.1
1890.771,0.0
1891.372,0.0
1891.973,0.0
1892.573,0.0
1893.174,0.0
1893.775,0.0
1894.375,0.0
1894.976,0.0
1895.577,0.0
1896.178,0.0
1896.778,3.1
1897.379,3.1
1897.979,0.0
1898.58,0.0
1899.18,0.0
1899.783,3.1
1900.383,0.0
1900.984,0.0
1901.585,0.0
1902.185,0.0
1902.786,0.0
1903.387,3.1
1903.988,0.0
1904.588,0.0
1905.189,0.0
1905.79,0.0
1906.391,0.0
1906.992,0.0
1907.593,0.0
1908.194,0.0
1908.794,0.0
1909.395,0.0
1909.995,0.0
1910.596,3.1
1911.196,3.1
1911.797,0.0
1912.397,3.1
1912.998,0.0
1913.599,0.0
1914.2,0.0
1914.801,0.0
1915.402,0.0
1916.002,3.1
1916.603,3.1
1917.204,0.0
1917.805,0.0
1918.406,0.0
1919.007,0.0
1919.608,0.0
1920.209,0.0
1920.809,0.0
1921.41,0.0
1922.011,0.0
1922.612,0.0
1923.212,0.0
1923.813,0.0
1924.414,0.0
1925.015,0.0
1925.615,0.0
1926.216,0.0
1926.817,0.0
1927.417,0.0
1928.018,0.0
1928.619,0.0
1929.22,0.0
1929.821,0.0
1930.421,0.0
1931.022,0.0
1931.623,3.1
1932.224,0.0
1932.825,0.0
1933.425,3.1
1934.026,0.0
1934.627,0.0
1935.228,0.0
1935.829,0.0
1936.429,0.0
1937.03,0.0
1937.631,0.0
1938.232,0.0
1938.833,0.0
1939.434,3.1
1940.034,0.0
1940.635,0.0
1941.236,0.0
1941.836,3.1
1942.437,0.0
1943.038,0.0
1943.639,3.1
1944.239,0.0
1944.84,0.0
1945.441,0.0
1946.041,3.1
1946.642,3.1
1947.243,3.1
1947.844,0.0
1948.445,0.0
1949.046,3.1
1949.647,0.0
1950.248,0.0
1950.848,0.0
1951.449,0.0
1952.05,0.0
1952.65,0.0
1953.251,0.0
1953.851,0.0
1954.452,0.0
1955.052,0.0
1955.653,0.0
1956.254,0.0
1956.855,0.0
1957.456,0.0
1958.057,3.1
1958.658,0.0
1959.258,0.0
1959.859,0.0
1960.461,3.1
1961.062,0.0
1961.663,0.0
1962.264,0.0
1962.864,0.0
1963.465,0.0
1964.066,0.0
1964.667,3.1
1965.268,0.0
1965.868,0.0
1966.469,0.0
1967.07,0.0
1967.67,0.0
1968.271,0.0
1968.872,0.0
1969.472,0.0
1970.074,3.1
1970.675,3.1
1971.276,3.1
1971.877,3.1
1972.477,0.0
1973.078,0.0
1973.678,0.0
1974.279,0.0
1974.879,0.0
1975.48,12.5
1976.081,0.0
1976.682,0.0
1977.282,0.0
1977.883,6.2
1978.484,0.0
1979.085,9.4
1979.685,0.0
1980.286,0.0
1980.887,0.0
1981.488,0.0
1982.088,0.0
1982.689,3.1
1983.29,0.0
1983.891,0.0
1984.491,9.4
1985.092,3.1
1985.693,0.0
1986.293,0.0
1986.894,0.0
1987.495,0.0
1988.096,3.1
1988.697,0.0
1989.297,0.0
1989.898,0.0
1990.499,0.0
1991.1,0.0
1991.7,0.0
1992.301,6.2
1992.902,3.1
1993.503,0.0
1994.104,0.0
1994.705,0.0
1995.305,0.0
1995.906,0.0
1996.507,3.1
1997.108,0.0
1997.709,0.0
1998.309,0.0
1998.91,0.0
1999.511,0.0
2000.111,0.0
2000.712,0.0
2001.313,0.0
2001.914,0.0
2002.515,0.0
2003.116,0.0
2003.716,6.2
2004.317,3.1
2004.918,0.0
2005.519,0.0
2006.12,0.0
2006.721,3.1
2007.322,0.0
2007.922,0.0
2008.524,0.0
2009.124,6.2
2009.725,0.0
2010.326,3.1
2010.926,0.0
2011.527,0.0
2012.128,0.0
2012.728,0.0
2013.329,0.0
2013.929,0.0
2014.531,3.1
2015.132,0.0
2015.733,6.2
2016.333,3.1
2016.934,3.1
2017.535,0.0
2018.136,0.0
2018.737,3.1
2019.337,0.0
2019.938,0.0
2020.539,3.1
2021.14,0.0
2021.741,0.0
2022.342,0.0
2022.943,0.0
2023.544,3.1
2024.144,0.0
2024.745,0.0
2025.346,0.0
2025.946,0.0
2026.547,3.1
2027.148,0.0
2027.748,0.0
2028.349,3.0
2028.95,0.0
2029.55,0.0
2030.151,0.0
2030.751,3.1
2031.352,0.0
2031.953,0.0
2032.554,3.1
2033.155,3.1
2033.756,6.2
2034.358,0.0
2034.959,3.1
2035.561,0.0
2036.162,0.0
2036.763,0.0
2037.364,3.1
2037.965,3.1
2038.565,0.0
2039.166,0.0
2039.767,3.1
2040.368,0.0
2040.968,0.0
2041.569,0.0
2042.17,3.1
2042.77,0.0
2043.371,0.0
2043.972,0.0
2044.572,3.1
2045.173,3.1
2045.774,0.0
2046.375,3.1
2046.975,0.0
2047.576,3.1
2048.177,6.1
2048.779,0.0
2049.38,0.0
2049.981,0.0
2050.582,0.0
2051.182,0.0
2051.783,0.0
2052.384,0.0
2052.984,0.0
2053.585,0.0
2054.185,0.0
2054.786,0.0
2055.387,3.1
2055.988,0.0
2056.589,0.0
2057.189,3.1
2057.79,0.0
2058.39,0.0
2058.991,0.0
2059.592,0.0
2060.193,3.0
2060.794,0.0
2061.394,3.1
2061.995,0.0
2062.596,0.0
2063.196,6.2
2063.797,0.0
2064.398,0.0
2064.999,0.0
2065.6,0.0
2066.201,0.0
2066.801,0.0
2067.403,3.1
2068.003,0.0
2068.604,0.0
2069.205,0.0
2069.805,3.1
2070.406,0.0
2071.007,0.0
2071.608,0.0
2072.209,0.0
2072.81,0.0
2073.411,0.0
2074.012,0.0
2074.613,0.0
2075.213,0.0
2075.814,0.0
2076.415,0.0
2077.016,0.0
2077.618,0.0
2078.218,0.0
2078.819,0.0
2079.419,3.1
2080.02,0.0
2080.621,0.0
2081.222,0.0
2081.822,3.1
2082.423,0.0
2083.024,0.0
2083.625,3.1
2084.225,0.0
2084.826,0.0
2085.427,3.1
2086.027,0.0
2086.628,0.0
2087.229,0.0
2087.831,0.0
2088.432,0.0
2089.033,0.0
2089.633,0.0
2090.234,3.1
2090.834,0.0
2091.435,0.0
2092.036,0.0
2092.637,0.0
2093.238,3.1
2093.839,0.0
2094.44,0.0
2095.04,3.1
2095.641,0.0
2096.242,0.0
2096.843,0.0
2097.444,6.2
2098.045,3.1
2098.646,0.0
2099.248,0.0
2099.849,0.0
2100.45,0.0
2101.05,0.0
2101.651,0.0
2102.252,0.0
2102.852,0.0
2103.453,3.1
2104.054,0.0
2104.654,0.0
2105.255,0.0
2105.856,0.0
2106.456,0.0
2107.057,0.0
2107.657,0.0
2108.258,0.0
2108.859,3.1
2109.462,3.1
2110.063,0.0
2110.664,0.0
2111.265,3.1
2111.865,0.0
2112.466,3.1
2113.067,0.0
2113.668,0.0
2114.269,3.1
2114.869,0.0
2115.47,0.0
2116.071,0.0
2116.672,0.0
2117.273,3.1
2117.873,0.0
2118.474,3.1
2119.075,0.0
2119.675,3.1
2120.276,0.0
2120.877,0.0
2121.478,3.1
2122.079,0.0
2122.679,0.0
2123.28,0.0
2123.881,0.0
2124.482,0.0
2125.083,3.1
2125.683,0.0
2126.284,3.1
2126.884,6.2
2127.485,3.1
2128.086,0.0
2128.687,0.0
2129.288,0.0
2129.888,0.0
2130.489,0.0
2131.09,0.0
2131.691,0.0
2132.292,3.1
2132.893,0.0
2133.494,3.1
2134.094,0.0
2134.695,0.0
2135.296,0.0
2135.897,0.0
2136.498,0.0
2137.099,3.0
2137.7,0.0
2138.301,0.0
2138.901,3.1
2139.502,0.0
2140.103,3.1
2140.703,0.0
2141.304,3.1
2141.905,0.0
2142.506,0.0
2143.107,3.1
2143.708,0.0
2144.309,3.1
2144.91,3.1
2145.511,0.0
2146.112,0.0
2146.712,0.0
2147.313,0.0
2147.914,0.0
2148.514,0.0
2149.116,0.0
2149.717,0.0
2150.318,0.0
2150.919,3.1
2151.52,0.0
2152.121,0.0
2152.722,3.1
2153.322,3.1
2153.923,0.0
2154.524,0.0
2155.125,0.0
2155.725,0.0
2156.326,0.0
2156.927,0.0
2157.528,3.1
2158.128,0.0
2158.729,3.1
2159.33,3.1
2159.93,3.1
2160.531,0.0
2161.132,3.1
2161.733,0.0
2162.334,0.0
2162.935,0.0
2163.535,0.0
2164.136,3.1
2164.737,3.1
2165.337,0.0
2165.938,0.0
2166.539,3.1
2167.14,3.1
2167.74,3.0
2168.341,0.0
2168.941,0.0
2169.542,0.0
2170.143,0.0
2170.743,0.0
2171.344,0.0
2171.945,3.1
2172.546,0.0
2173.147,0.0
2173.748,0.0
2174.348,0.0
2174.949,0.0
2175.55,3.1
2176.151,0.0
2176.752,3.1
2177.352,0.0
2177.955,0.0
2178.555,3.1
2179.156,0.0
2179.757,0.0
2180.358,0.0
2180.958,3.1
2181.559,0.0
2182.16,0.0
2182.761,0.0
2183.362,3.1
2183.962,3.1
2184.563,3.1
2185.164,3.1
2185.765,0.0
2186.366,3.1
2186.967,0.0
2187.567,3.1
2188.169,0.0
2188.769,0.0
2189.37,3.1
2189.971,3.1
2190.572,0.0
2191.173,0.0
2191.773,0.0
2192.374,0.0
2192.975,0.0
2193.576,0.0
2194.176,3.1
2194.777,0.0
2195.379,9.4
2195.98,0.0
2196.581,0.0
2197.182,3.1
2197.783,0.0
2198.383,0.0
2198.984,15.6
2199.584,0.0
2200.185,0.0
2200.787,0.0
2201.388,0.0
2201.989,0.0
2202.589,3.1
2203.19,3.1
2203.791,0.0
2204.392,0.0
2204.992,0.0
2205.593,0.0
2206.194,0.0
